{"global_step": 31544, "_timestamp": 1721874907.829676, "Episode/rew_action_rate": -0.49902352690696716, "Episode/rew_ang_vel_xy": -0.6465504765510559, "Episode/rew_base_height": -404.20867919921875, "Episode/rew_collision": 0.0, "Episode/rew_dof_acc": -0.03612614423036575, "Episode/rew_dof_pos_limits": -0.16078630089759827, "Episode/rew_feet_air_time": -0.052687354385852814, "Episode/rew_feet_clearance": 0.0, "Episode/rew_feet_contact_number": 0.5560168623924255, "Episode/rew_joint_pos": -0.09710466861724854, "Episode/rew_lin_vel_z": -4.267826080322266, "Episode/rew_orientation": 0.47847914695739746, "Episode/rew_torques": 0.0, "Episode/rew_tracking_ang_vel": 0.6380318403244019, "Episode/rew_tracking_lin_vel": 2.898711681365967, "Episode/terrain_level": 5.97451114654541, "Episode/max_command_x": 5.0, "Loss/value_function": 0.1700907051563263, "Loss/surrogate": -0.0067133610136806965, "Loss/imitation": 0.0, "Loss/learning_rate": 2.9192926376708783e-05, "Policy/mean_noise_std": 1.1209431886672974, "Perf/total_fps": 82426.0, "Perf/collection time": 0.9232068061828613, "Perf/learning_time": 0.24146628379821777, "Train/mean_reward": 196.8470001220703, "Train/mean_episode_length": 2231.0400390625, "_runtime": 32092.3286550045, "_step": 22136, "Train/mean_reward/time": 196.8470001220703, "Train/mean_episode_length/time": 2231.0400390625, "_wandb": {"runtime": 32087}}