{"global_step": 1232, "_timestamp": 1721842716.7763498, "Episode/rew_action_rate": -0.2409576177597046, "Episode/rew_ang_vel_xy": -0.4723629951477051, "Episode/rew_base_height": -0.2055090069770813, "Episode/rew_collision": 0.0, "Episode/rew_dof_acc": -0.03659159317612648, "Episode/rew_dof_pos_limits": -0.0892343819141388, "Episode/rew_feet_air_time": -0.08456223458051682, "Episode/rew_feet_clearance": 0.0, "Episode/rew_feet_contact_number": 0.6256565451622009, "Episode/rew_joint_pos": -0.11902007460594177, "Episode/rew_lin_vel_z": -0.08336932957172394, "Episode/rew_orientation": 0.5976693630218506, "Episode/rew_torques": 0.0, "Episode/rew_tracking_ang_vel": 0.657794713973999, "Episode/rew_tracking_lin_vel": 3.652400016784668, "Episode/terrain_level": 4.886802673339844, "Episode/max_command_x": 2.0, "Loss/value_function": 0.13579794764518738, "Loss/surrogate": -0.003585554426535964, "Loss/imitation": 0.0, "Loss/learning_rate": 3.9018443203531206e-05, "Policy/mean_noise_std": 0.7518647313117981, "Perf/total_fps": 68382.0, "Perf/collection time": 1.0749988555908203, "Perf/learning_time": 0.3288602828979492, "Train/mean_reward": 247.95700073242188, "Train/mean_episode_length": 2834.06005859375, "_runtime": 1260.5141217708588, "_step": 706, "Train/mean_reward/time": 247.95700073242188, "Train/mean_episode_length/time": 2834.06005859375, "_wandb": {"runtime": 1255}}