{"global_step": 187, "_timestamp": 1721841367.874846, "Episode/rew_action_rate": -0.003465657588094473, "Episode/rew_ang_vel_xy": -0.06463656574487686, "Episode/rew_base_height": 0.0004903879598714411, "Episode/rew_collision": 0.0, "Episode/rew_dof_acc": -0.0007209731265902519, "Episode/rew_dof_pos_limits": -0.0021605934016406536, "Episode/rew_feet_air_time": -0.0010793035617098212, "Episode/rew_feet_clearance": 0.0, "Episode/rew_feet_contact_number": 0.009586132131516933, "Episode/rew_joint_pos": -0.001566053368151188, "Episode/rew_lin_vel_z": -0.005062321200966835, "Episode/rew_orientation": 0.003534866264089942, "Episode/rew_torques": 0.0, "Episode/rew_tracking_ang_vel": 0.007419319357722998, "Episode/rew_tracking_lin_vel": 0.011902830563485622, "Episode/terrain_level": 0.0, "Episode/max_command_x": 2.0, "Loss/value_function": 0.018383899703621864, "Loss/surrogate": -0.00870720949023962, "Loss/imitation": 0.0, "Loss/learning_rate": 0.0002962962898891419, "Policy/mean_noise_std": 0.9123727083206177, "Perf/total_fps": 34293.0, "Perf/collection time": 2.568572521209717, "Perf/learning_time": 0.2308049201965332, "Train/mean_reward": 0.7153469920158386, "Train/mean_episode_length": 55.27000045776367, "_runtime": 199.29721403121948, "_step": 45, "Train/mean_reward/time": 0.7153469920158386, "Train/mean_episode_length/time": 55.27000045776367, "_wandb": {"runtime": 197}}