{"_wandb": {"runtime": 11}, "global_step": 2, "_timestamp": 1721840903.1125083, "Episode/rew_action_rate": -0.0007682872819714248, "Episode/rew_ang_vel_xy": -0.0445474311709404, "Episode/rew_base_height": 8.62432352732867e-05, "Episode/rew_collision": 0.0, "Episode/rew_dof_acc": -0.0001786614302545786, "Episode/rew_dof_pos_limits": -0.00013931398279964924, "Episode/rew_feet_air_time": -0.0002927052555605769, "Episode/rew_feet_clearance": 0.0, "Episode/rew_feet_contact_number": 0.001899160910397768, "Episode/rew_joint_pos": -0.00042442974518053234, "Episode/rew_lin_vel_z": -0.0040529100224375725, "Episode/rew_orientation": 0.000858018989674747, "Episode/rew_torques": 0.0, "Episode/rew_tracking_ang_vel": 0.001563917612656951, "Episode/rew_tracking_lin_vel": 0.001327691599726677, "Episode/terrain_level": 1.6676876544952393, "Episode/max_command_x": 2.0, "Loss/value_function": 0.012299817055463791, "Loss/surrogate": 0.20521295070648193, "Loss/imitation": 0.0, "Loss/learning_rate": 6.766395017621107e-07, "Policy/mean_noise_std": 1.0018335580825806, "Perf/total_fps": 38547.0, "Perf/collection time": 2.0205774307250977, "Perf/learning_time": 0.46984314918518066, "Train/mean_reward": 0.037514641880989075, "Train/mean_episode_length": 23.6200008392334, "_runtime": 14.633997201919556, "_step": 1, "Train/mean_reward/time": 0.037514641880989075, "Train/mean_episode_length/time": 23.6200008392334}